abhixit,abhixit@gmail.com,4354444444,435322222222,Kidney,A+
rishi,rishi@gmail.com,777777777777777,888888888888,Heart,B+
sedrcgh,gfthd@gmail.com,7414741254,741852963741,Heart,O+
sedrcgh,gfthd@gmail.com,1234567890,741852963741,Kidney,B-
dwivedi,okay@gmail.com,7414741254,741852963741,Kidney,B+,lucknow
sedrcgh,abhixit@gmail.com,1234567890,741852963741,Liver,AB+,kanpur
sedrcgh,gfthd@gmail.com,454545454545,7414741254,Kidney,B+,lucknow
sedrcgh,abhixit@gmail.com,454545454545,7414741254,Kidney,A+,lucknow
sedrcgh,abhixit@gmail.com,454545454545,7414741254,Kidney,A+,lucknow
sedrcgh,abhixit@gmail.com,454545454545,7414741254,Kidney,A+,lucknow
sedrcgh,abhixit@gmail.com,454545454545,1234567890,Lungs,O+,lucknow
