abhixit,abhixit@gmail.com,4354444444,435322222222,Lung,AB+
abhixit,abhixit@gmail.com,4354444444,435322222222,Heart,B+
abhixit,abhixit@gmail.com,4354444444,435322222222,Kidney,A+
abhixit,abhixit@gmail.com,4354444444,435322222222,Heart,B+
abhixit,abhixit@gmail.com,4354444444,435322222222,Heart,B+
abhixit,abhixit@gmail.com,7884551232,741785289639,Kidney,A+
abhixit,hj@gmail.com,7884551232,741785289639,Kidney,A+
sedrcgh,gfthd@gmail.com,7414741254,741852963741,Heart,B+
sedrcgh,gfthd@gmail.com,7414741254,741852963741,Kidney,A+
sedrcgh,gfthd@gmail.com,7414741254,741852963741,Kidney,A+
dwivedi,gfthd@gmail.com,1234567890,454545454545,Liver,AB+,lucknow
sedrcgh,abhixit@gmail.com,454545454545,7414741254,Heart,AB+,kanpur
